Indice;NombreDelArchivo;Nota
0;2_Estructura_y_Organizacion_de_la_Computadora_REV2022;pdf
1;3-5_El-Bus-Tecnologias_REV2022_220427_180138;pdf
2;3_El-Bus_REV2022;pdf
3;4_Sistema-de-Memoria_REV2022_220427_180125;pdf
4;5_El-Procesador_REV2022_220427_180051;pdf
5;6_Casos-de-Estudio_REV2022_220427_180155;pdf
6;AyOCI_2_Organizacion_de_Computadoras_-_Un_Enfoque_Estructurado_4ta_Edition_Tanenbaum;pdf
7;AyOCI_3_Organizacion_de_Computadoras_-_Un_Enfoque_Estructurado_4ta_Edition_Tanenbaum;pdf
8;AyOC_1_Organizacion_de_Computadoras_-_Un_Enfoque_Estructurado_4ta_Edition_Tanenbaum;pdf
